id,name,imageUrl,sortId,ctime
1,艾草,,3,06/25/2019 17:42:14
2,棒棒糖,,3,06/25/2019 17:42:52
3,八宝粥,,3,06/25/2019 17:43:10
4,白茶,,3,06/25/2019 17:43:27
5,扁豆,,3,06/25/2019 17:43:44
6,布丁,,3,06/25/2019 17:44:01
7,巴旦木,,3,06/25/2019 17:44:14
8,饼干,,3,06/25/2019 17:44:29
9,碧根果肉,,3,06/25/2019 17:44:45
10,白瓜子,,3,06/25/2019 17:45:05
11,包裹着猫屎的猫砂,,3,06/25/2019 17:45:47
12,薄荷叶,,3,06/25/2019 17:46:06
13,八角,,3,06/25/2019 17:46:18
14,北京烤鸭,,3,06/25/2019 17:46:30
15,菠萝,,3,06/25/2019 17:46:45
16,板栗壳,,3,06/25/2019 17:47:02
17,槟榔,,3,06/25/2019 17:47:37
18,菠萝密肉,,3,06/25/2019 17:48:02
19,菠萝皮,,3,06/25/2019 17:48:21
20,爆米花,,3,06/25/2019 17:48:36
21,白米虾,,3,06/25/2019 17:48:48
22,冰淇淋,,3,06/25/2019 17:49:06
23,蚌肉,,3,06/25/2019 17:49:45
24,白砂糖,,3,06/25/2019 17:50:00
25,白糖,,3,06/25/2019 17:50:13
26,百香果壳,,3,06/25/2019 17:50:55
27,包子,,3,06/25/2019 17:51:11
28,白煮蛋,,3,06/25/2019 17:51:27
29,葱,,3,06/25/2019 17:51:45
30,草本植物,,3,06/25/2019 17:52:06
31,蚕豆,,3,06/25/2019 17:52:18
32,蚕豆壳,,3,06/25/2019 17:52:56
33,茨菇,,3,06/25/2019 17:54:20
34,臭虫,,3,06/25/2019 17:54:33
35,臭豆腐,,3,06/25/2019 17:54:50
36,炒花生壳,,3,06/25/2019 17:55:08
37,炒花生米,,3,06/25/2019 17:55:39
38,翅尖,,3,06/25/2019 17:55:53
39,车厘子核,,3,06/25/2019 17:56:13
40,陈皮,,3,06/25/2019 17:56:33
41,面条,,3,06/25/2019 17:56:50
42,叉烧,,3,06/25/2019 17:57:03
43,叉烧酥,,3,06/25/2019 18:11:34
44,茶叶,,3,06/25/2019 18:11:48
45,茶叶蛋壳,,3,06/25/2019 18:12:07
46,虫,,3,06/25/2019 18:12:24
47,虫子,,3,06/25/2019 18:12:39
48,橙子皮,,3,06/25/2019 18:12:54
49,草莓,,3,06/25/2019 18:13:06
50,草莓叶,,3,06/25/2019 18:13:24
51,橙皮,,3,06/25/2019 18:13:38
52,菜皮,,3,06/25/2019 18:13:52
53,宠物粪便,,3,06/25/2019 18:14:11
54,宠物饲料,,3,06/25/2019 18:14:23
55,粗盐,,3,06/25/2019 18:14:36
56,苍蝇,,3,06/25/2019 18:14:52
57,葱油饼,,3,06/25/2019 18:15:04
58,茶叶渣,,3,06/25/2019 18:15:20
59,脆枣,,3,06/25/2019 18:15:33
60,茶渣,,3,06/25/2019 18:15:45
61,残枝落叶,,3,06/25/2019 18:16:01
62,大饼,,3,06/25/2019 18:16:12
63,蛋白,,3,06/25/2019 18:16:22
64,大白菜,,3,06/25/2019 18:16:34
65,大白兔奶糖,,3,06/25/2019 18:16:50
66,多宝鱼骨头,,3,06/25/2019 18:17:16
67,骨头,,3,06/25/2019 18:17:27
68,大葱,,3,06/25/2019 18:17:43
69,豆腐,,3,06/25/2019 18:17:54
70,豆腐干,,3,06/25/2019 18:18:06
71,豆腐猫砂,,3,06/25/2019 18:18:19
72,豆干,,3,06/25/2019 18:18:34
73,豆杆,,3,06/25/2019 18:18:49
74,蛋糕,,3,06/25/2019 18:19:00
75,冬瓜,,3,06/25/2019 18:19:20
76,冬瓜皮,,3,06/25/2019 18:19:31
77,冬瓜籽,,3,06/25/2019 18:20:04
78,蛋黄,,3,06/25/2019 18:20:17
79,蛋黄酥,,3,06/25/2019 18:20:31
80,蛋卷,,3,06/25/2019 18:20:43
81,豆浆渣,,3,06/25/2019 18:20:59
82,蛋壳,,3,06/25/2019 18:21:12
83,德克士炸鸡,,3,06/25/2019 18:21:26
84,大米,,3,06/25/2019 18:21:37
85,大排,,3,06/25/2019 18:21:54
86,多肉植物,,3,06/25/2019 18:22:08
87,冬笋壳,,3,06/25/2019 18:22:26
88,大蒜皮,,3,06/25/2019 18:22:42
89,大蒜叶,,3,06/25/2019 18:22:52
90,蛋挞,,3,06/25/2019 18:23:06
91,蛋挞皮,,3,06/25/2019 18:23:18
92,动物粪便,,3,06/25/2019 18:23:34
93,动物内脏,,3,06/25/2019 18:23:46
94,动物尸体,,3,06/25/2019 18:23:59
95,凋谢的 鲜花,,3,06/25/2019 18:24:22
96,鲜花,,3,06/25/2019 18:24:32
97,豆芽,,3,06/25/2019 18:24:43
98,枣,,3,06/25/2019 18:24:55
99,大闸蟹,,3,06/25/2019 18:25:07
100,大闸蟹壳,,3,06/25/2019 18:25:21
101,海带子壳,,3,06/25/2019 18:25:32
102,豆制品,,3,06/25/2019 18:25:51
103,鹅骨头,,3,06/25/2019 18:26:18
104,阿胶,,3,06/25/2019 18:26:32
105,方便面面条,,3,06/25/2019 18:26:54
106,面条,,3,06/25/2019 18:27:06
107,凤梨皮,,3,06/25/2019 18:27:27
108,凤梨酥,,3,06/25/2019 18:27:41
109,蜂蜜,,3,06/25/2019 18:27:55
110,番茄,,3,06/25/2019 18:28:26
111,番茄梗,,3,06/25/2019 18:28:50
112,番茄酱,,3,06/25/2019 18:29:04
113,番茄沙司,,3,06/25/2019 18:29:20
114,废弃食用油,,3,06/25/2019 18:29:36
115,废弃调味料,,3,06/25/2019 18:29:56
116,废弃植物,,3,06/25/2019 18:30:11
117,粉丝,,3,06/25/2019 18:30:24
118,番茄皮,,3,06/25/2019 18:30:36
119,瓜子,,3,06/25/2019 18:30:47
120,锅巴,,3,06/25/2019 18:31:00
121,干脆面,,3,06/25/2019 18:31:20
122,果冻,,3,06/25/2019 18:31:31
123,丁香,,3,06/25/2019 18:31:45
124,鸽子粪,,3,06/25/2019 18:32:08
125,瓜果,,3,06/25/2019 18:32:19
126,干果仁,,3,06/25/2019 18:32:39
127,干桂圆壳,,3,06/25/2019 18:32:53
128,桂花糕,,3,06/25/2019 18:33:08
129,干花生壳,,3,06/25/2019 18:33:24
130,果酱,,3,06/25/2019 18:33:37
131,莴苣,,3,06/25/2019 18:33:54
132,狗粮,,3,06/25/2019 18:34:11
133,咖喱粉,,3,06/25/2019 18:34:23
134,橄榄核,,3,06/25/2019 18:34:37
135,干辣椒,,3,06/25/2019 18:34:48
136,干面粉,,3,06/25/2019 18:35:04
137,干面条,,3,06/25/2019 20:27:20
138,果皮,,3,06/25/2019 20:27:34
139,桂皮,,3,06/25/2019 20:27:46
140,枸杞,,3,06/25/2019 20:27:59
141,过期大米,,3,06/25/2019 20:28:13
142,过期巧克力,,3,06/25/2019 20:28:30
143,过期食品,,3,06/25/2019 20:28:43
144,过期糖,,3,06/25/2019 20:28:55
145,过期调味料,,3,06/25/2019 20:29:16
146,蛤肉,,3,06/25/2019 20:29:38
147,干树叶,,3,06/25/2019 20:29:53
148,灌汤包,,3,06/25/2019 20:30:06
149,鳜鱼,,3,06/25/2019 20:30:39
150,桂圆干,,3,06/25/2019 20:30:54
151,桂圆核,,3,06/25/2019 20:31:10
152,桂圆壳,,3,06/25/2019 20:31:22
153,瓜子壳,,3,06/25/2019 20:32:43
154,瓜子皮,,3,06/25/2019 20:32:55
155,瓜子仁,,3,06/25/2019 20:33:10
156,甘蔗渣,,3,06/25/2019 20:33:22
157,花瓣,,3,06/25/2019 20:33:39
158,汉堡,,3,06/25/2019 20:33:52
159,花草茶渣,,3,06/25/2019 20:34:10
160,红肠,,3,06/25/2019 20:34:22
161,花茶渣,,3,06/25/2019 20:34:37
162,黄豆,,3,06/25/2019 20:34:56
163,海胆,,3,06/25/2019 20:35:08
164,海带,,3,06/25/2019 20:35:23
165,红豆,,3,06/25/2019 20:35:43
166,红豆糕,,3,06/25/2019 20:35:54
167,海底捞锅底,,3,06/25/2019 20:36:12
168,盒饭,,3,06/25/2019 20:36:24
169,黄瓜,,3,06/25/2019 20:36:48
170,火锅底料,,3,06/25/2019 20:37:05
171,黄瓜皮,,3,06/25/2019 20:37:17
172,韩国泡菜,,3,06/25/2019 20:37:40
173,花蛤肉,,3,06/25/2019 20:37:58
174,火锅渣,,3,06/25/2019 20:38:16
175,海瓜子壳,,3,06/25/2019 20:38:33
176,花卉,,3,06/25/2019 20:38:46
177,花甲,,3,06/25/2019 20:39:01
178,花椒,,3,06/25/2019 20:39:12
179,花甲粉,,3,06/25/2019 20:39:23
180,胡椒粉,,3,06/25/2019 20:39:36
181,花椒粉,,3,06/25/2019 20:39:56
182,火鸡骨头,,3,06/25/2019 20:40:17
183,花甲壳,,3,06/25/2019 20:40:34
184,黑椒牛排,,3,06/25/2019 20:40:53
185,胡萝卜,,3,06/25/2019 20:41:06
186,胡萝卜皮,,3,06/25/2019 20:41:22
187,火龙果,,3,06/25/2019 20:41:38
188,火龙果皮,,3,06/25/2019 20:41:53
189,红辣椒,,3,06/25/2019 20:42:06
190,话梅,,3,06/25/2019 20:42:17
191,哈密瓜,,3,06/25/2019 20:42:28
192,哈密瓜籽,,3,06/25/2019 20:42:54
193,话梅壳,,3,06/25/2019 20:43:14
194,话梅壳,,3,06/25/2019 20:43:47
195,话梅肉,,3,06/25/2019 20:44:04
196,黄芪,,3,06/25/2019 20:46:05
197,花生,,3,06/25/2019 20:46:19
198,红薯,,3,06/25/2019 20:46:30
199,花生酱,,3,06/25/2019 20:46:46
200,红薯皮,,3,06/25/2019 20:47:05
201,花生衣,,3,06/25/2019 20:47:21
202,山芋皮,,3,06/25/2019 20:48:00
203,花生壳,,3,06/25/2019 20:48:19
204,海苔,,3,06/25/2019 20:48:31
205,火腿肠,,3,06/25/2019 20:48:45
206,混沌皮,,3,06/25/2019 20:48:56
207,核桃肉,,3,06/25/2019 20:49:08
208,茴香,,3,06/25/2019 20:49:19
209,河虾,,3,06/25/2019 20:49:30
210,海星,,3,06/25/2019 20:49:43
211,黄杏核,,3,06/25/2019 20:50:07
212,黄油,,3,06/25/2019 20:50:18
213,荷叶,,3,06/25/2019 20:50:31
214,海藻,,3,06/25/2019 20:50:44
215,红枣,,3,06/25/2019 20:50:54
216,红枣核,,3,06/25/2019 20:51:06
217,姜,,3,06/25/2019 20:51:27
218,茭白,,3,06/25/2019 20:51:39
219,煎饼,,3,06/25/2019 20:51:55
220,煎饼果子,,3,06/25/2019 20:52:08
221,茭白皮,,3,06/25/2019 20:52:19
222,茭白叶,,3,06/25/2019 20:52:40
223,韭菜,,3,06/25/2019 20:52:55
224,鸡翅,,3,06/25/2019 20:53:05
225,鸡蛋,,3,06/25/2019 20:53:15
226,鸡蛋卷,,3,06/25/2019 20:53:37
227,鸡蛋壳,,3,06/25/2019 20:53:48
228,鸡蛋皮,,3,06/25/2019 20:54:02
229,鸡蛋仔,,3,06/25/2019 20:56:20
230,菌菇,,3,06/25/2019 20:56:32
231,里脊肉,,3,06/25/2019 20:56:42
232,鸡脚抓,,3,06/25/2019 20:57:01
233,酱料,,3,06/25/2019 20:57:14
234,酒酿,,3,06/25/2019 20:57:25
235,鸡皮,,3,06/25/2019 20:57:42
236,鸡软骨,,3,06/25/2019 20:57:53
237,鸡屎,,3,06/25/2019 20:58:15
238,金丝皇菊,,3,06/25/2019 20:58:37
239,鸡腿,,3,06/25/2019 20:58:49
240,姜糖,,3,06/25/2019 20:59:04
241,鸡头,,3,06/25/2019 20:59:16
242,团结猫砂,,3,06/25/2019 20:59:37
243,基围虾,,3,06/25/2019 20:59:49
244,鲫鱼,,3,06/25/2019 21:00:03
245,甲鱼,,3,
246,甲鱼小骨,,3,
247,橘子,,3,
248,金针菇,,3,
249,桔子皮,,3,
250,橘子皮,,3,
251,饺子皮,,3,
252,肯德基炸鸡,,3,
253,咖啡伴侣粉,,3,
254,咖啡残渣,,3,
255,咖啡豆,,3,
256,咖啡豆渣,,3,
257,咖啡粉,,3,
258,宽粉条,,3,
259,咖啡渣,,3,
260,苦瓜,,3,
261,葵花籽,,3,
262,葵花籽壳,,3,
263,烤鸡,,3,
264,可降解垃圾袋,,3,
265,可降解吸管,,3,
266,枯树叶,,3,
267,枯萎花束,,3,
268,矿物猫砂,,3,
269,开心果,,3,
270,烤鸭,,3,
271,枯枝,,3,
272,梨,,3,
273,萝卜干,,3,
274,绿豆,,3,
275,绿豆糕,,3,
276,绿豆沙,,3,
277,拉菲草,,3,
278,辣椒,,3,
279,绿萝,,3,
280,榴莲,,3,
281,榴莲酥,,3,
282,藜麦,,3,
283,螺蛳,,3,
284,老鼠,,3,
285,螺蛳粉,,3,
286,烂水果,,3,
287,螺蛳肉,,3,
288,乐事薯片,,3,
289,螺蛳壳,,3,
290,辣条,,3,
291,龙虾片,,3,
292,栗子,,3,
293,李子,,3,
294,李子核,,3,
295,荔枝核,,3,
296,荔枝皮,,3,
297,栗子壳,,3,
298,荔枝壳,,3,
299,面饼,,3,
300,面包,,3,
301,面包屑,,3,
302,猫冻干,,3,
303,毛豆壳,,3,
304,麦当劳炸鸡,,3,
305,毛豆皮,,3,
306,木耳,,3,
307,面粉,,3,
308,米饭,,3,
309,蘑菇,,3,
310,木瓜,,3,
311,芒果干,,3,
312,芒果核,,3,
313,玫瑰花,,3,
314,芒果皮,,3,
315,木瓜仔,,3,
316,麻花,,3,
317,猕猴桃,,3,
318,猕猴桃皮,,3,
319,蜜饯,,3,
320,猫粮,,3,
321,麻辣烫,,3,
322,麻辣香锅残渣,,3,
323,麦片,,3,
324,猫屎,,3,
325,木薯淀粉,,3,
326,猫屎咖啡,,3,
327,馒头,,3,
328,面条,,3,
329,奶茶中的珍珠,,3,
330,奶粉,,3,
331,鸟粪,,3,
332,年糕,,3,
333,南瓜皮,,3,
334,南瓜仔,,3,
335,南瓜子壳,,3,
336,牛筋,,3,
337,奶酪,,3,
338,柠檬,,3,
339,糯米,,3,
340,柠檬皮,,3,
341,糯米纸,,3,
342,牛排,,3,
343,牛肉,,3,
344,牛肉干,,3,
345,牛蛙,,3,
346,牛蛙骨,,3,
347,奶油,,3,
348,牛油果核,,3,
349,牛轧糖,,3,
350,藕片,,3,
351,皮蛋,,3,
352,胖大海,,3,
353,皮蛋壳,,3,
354,普洱茶,,3,
355,排骨,,3,
356,平菇,,3,
357,苹果,,3,
358,苹果核,,3,
359,苹果派,,3,
360,苹果皮,,3,
361,苹果肉,,3,
362,蒲公英,,3,
363,膨化食品,,3,
364,枇杷,,3,
365,枇杷核,,3,
366,乒乓糯米滋,,3,
367,披萨,,3,
368,葡萄干,,3,
369,葡萄梗,,3,
370,蟠桃核,,3,
371,葡萄皮,,3,
372,葡萄籽,,3,
373,螃蟹壳,,3,
374,芹菜,,3,
375,青菜,,3,
376,青豆,,3,
377,青椒,,3,
378,巧克力,,3,
379,巧克力粉,,3,
380,巧克力酱,,3,
381,荞麦,,3,
382,荞麦面,,3,
383,曲奇,,3,
384,芡实糕,,3,
385,青蟹壳,,3,
386,奇异果,,3,
387,茄子,,3,
388,肉骨头,,3,
389,肉夹馍,,3,
390,肉,,3,
391,软糖,,3,
392,剩菜剩饭,,3,
393,速冻馄饨,,3,
394,酸豆角,,3,
395,速冻水饺,,3,
396,丝瓜,,3,
397,笋干,,3,
398,死瓜皮,,3,
399,碎骨头,,3,
400,烧饼,,3,
401,扇贝壳,,3,
402,扇贝肉,,3,
403,蔬菜,,3,
404,水草,,3,
405,蔬菜残余,,3,
406,薯格,,3,
407,水果,,3,
408,水果干,,3,
409,手擀面,,3,
410,水果皮,,3,
411,水果软核,,3,
412,生蚝肉,,3,
413,石榴籽,,3,
414,生姜,,3,
415,熟鸡蛋壳,,3,
416,生鸡蛋壳,,3,
417,石榴,,3,
418,沙拉酱,,3,
419,水蜜桃,,3,
420,水蜜桃核,,3,
421,水蜜桃肉,,3,
422,树皮,,3,
423,薯片,,3,
424,山芋,,3,
425,山药,,3,
426,山楂,,3,
427,山楂干,,3,
428,山竹核,,3,
429,山楂片,,3,
430,笋壳,,3,
431,笋皮,,3,
432,蒜皮,,3,
433,食品添加剂,,3,
434,三七粉,,3,
435,蒜头,,3,
436,食物残渣,,3,
437,三文鱼,,3,
438,牲畜粪便,,3,
439,树叶,,3,
440,食用油,,3,
441,松子,,3,
442,松子壳,,3,
443,山竹壳,,3,
444,梭子蟹,,3,
445,梭子蟹壳,,3,
446,糖,,3,
447,土豆,,3,
448,土豆泥,,3,
449,土豆皮,,3,
450,糖果,,3,
451,铁棍山药,,3,
452,铁观音,,3,
453,核桃,,3,
454,甜芦栗,,3,
455,蹄髈,,3,
456,甜品,,3,
457,桃仁,,3,
458,桃子,,3,
459,兔子粪便,,3,
460,调制海藻面膜,,3,
461,桃子皮,,3,
462,午餐肉,,3,
463,豌豆皮,,3,
464,味精,,3,
465,乌龙茶,,3,
466,乌梅壳,,3,
467,蜗牛,,3,
468,五香蛋,,3,
469,蚊子,,3,
470,虾,,3,
471,象鼻蚌,,3,
472,小葱,,3,
473,咸菜,,3,
474,西餐糕点,,3,
475,咸蛋,,3,
476,咸蛋壳,,3,
477,香榧子壳,,3,
478,香菇,,3,
479,西瓜皮,,3,
480,香瓜皮,,3,
481,西瓜籽,,3,
482,香瓜子,,3,
483,西瓜子,,3,
484,吸管纸质包装,,3,
485,鲜花,,3,
486,杏核,,3,
487,鲜花饼,,3,
488,鲜花瓣,,3,
489,西葫芦,,3,
490,雪花酥,,3,
491,西红柿,,3,
492,小核桃肉,,3,
493,香蕉,,3,
494,咸鸡,,3,
495,香蕉干,,3,
496,香蕉皮,,3,
497,虾壳,,3,
498,小笼包,,3,
499,西兰花,,3,
500,西兰花梗,,3,
501,小龙虾,,3,
502,小龙虾黄,,3,
503,小龙虾壳,,3,
504,小龙虾肉,,3,
505,小龙虾头,,3,
506,小米,,3,
507,虾米,,3,
508,虾皮,,3,
509,小排骨,,3,
510,虾肉,,3,
511,蟹肉,,3,
512,杏仁,,3,
513,杏仁饼,,3,
514,小肉骨头,,3,
515,杏仁核,,3,
516,向日葵花束,,3,
517,仙人球,,3,
518,仙人掌,,3,
519,虾头,,3,
520,喜糖,,3,
521,咸鱼,,3,
522,薰衣草,,3,
523,咸鸭蛋壳,,3,
524,杏子核,,3,
525,鱼,,3,
526,盐,,3,
527,鸭脖,,3,
528,鱼刺,,3,
529,鸭翅,,3,
530,洋葱皮,,3,
531,鸭蛋壳,,3,
532,意大利面,,3,
533,油墩子,,3,
534,银耳,,3,
535,椰果,,3,
536,腰果,,3,
537,鱼骨头,,3,
538,鸭骨头,,3,
539,鸭架,,3,
540,鱼鳞,,3,
541,杨梅,,3,
542,燕麦,,3,
543,玉米棒,,3,
544,杨梅干,,3,
545,杨梅核,,3,
546,玉米粒,,3,
547,玉米猫砂,,3,
548,燕麦片,,3,
549,玉米塑料袋,,3,
550,玉米芯,,3,
551,玉米须,,3,
552,玉米纤维袋,,3,
553,芋艿,,3,
554,芋艿皮,,3,
555,鱼内脏,,3,
556,鸭皮,,3,
557,鱼皮花生,,3,
558,鸭肉,,3,
559,椰肉,,3,
560,鱼肉,,3,
561,压缩饼干,,3,
562,鸭锁骨,,3,
563,鸭舌,,3,
564,盐水花生,,3,
565,盐水花生壳,,3,
566,洋山芋,,3,
567,盐水鸭,,3,
568,鱼饲料,,3,
569,鸭腿,,3,
570,油条,,3,
571,芋头,,3,
572,油条,,3,
573,鸭头,,3,
574,杨桃,,3,
575,鱼头,,3,
576,樱桃干,,3,
577,樱桃梗,,3,
578,油桃核,,3,
579,樱桃核,,3,
580,油桃肉,,3,
581,鱼虾,,3,
582,鸭下巴,,3,
583,银杏果,,3,
584,芋圆,,3,
585,鱿鱼,,3,
586,油烟机油脂,,3,
587,鱿鱼丝,,3,
588,叶子,,3,
589,柚子核,,3,
590,鸭爪,,3,
591,鸭掌,,3,
592,柚子皮,,3,
593,杂草,,3,
594,早餐谷物,,3,
595,枣核,,3,
596,粥,,3,
597,枣核,,3,
598,榨菜,,3,
599,中草药,,3,
600,中草药材,,3,
601,猪肝,,3,
602,藏红花,,3,
603,炸鸡,,3,
604,蟑螂,,3,
605,猪肋排,,3,
606,芝麻,,3,
607,芝麻酱,,3,
608,猪扒,,3,
609,猪排,,3,
610,猪皮,,3,
611,猪肉排骨,,3,
612,竹笋,,3,
613,芝士,,3,
614,猪蹄,,3,
615,猪蹄骨,,3,
616,纸吸管,,3,
617,猪小排,,3,
618,章鱼,,3,
619,章鱼小丸子,,3,
620,孜然粉,,3,
621,紫薯皮,,3,
622,植物枝干,,3,
623,中药渣,,3,
624,枣子核,,3,
625,粽子馅,,3,
626,橙子,,3,
627,花蛤,,3,
628,菜叶,,3,
629,鸡蛋饼,,3,
630,LED灯(含水银),,2,
631,X光片,,2,
632,安神补脑液瓶,,2,
633,笔记本电脑电池,,2,
634,保健品,,2,
635,保健品瓶子,,2,
636,板蓝根冲剂,,2,
637,玻璃药瓶,,2,
638,充电电池,,2,
639,除渍剂,,2,
640,电灯泡,,2,
641,冻干粉,,2,
642,碘酒瓶,,2,
643,达克宁药膏,,2,
644,达克宁药膏皮,,2,
645,灯泡,,2,
646,调色板,,2,
647,打印机墨盒,,2,
648,打印机色带,,2,
649,节能灯,,2,
650,矿物油,,2,
651,镍镉电池,,2,
652,农药,,2,
654,药瓶,,2,
655,水银温度计,,2,
656,血压计,,2,
657,荧光灯管,,2,
658,油漆,,2,
659,光胶片,,2,
660,感冒药,,2,
661,钙片,,2,
662,胶囊药物,,2,
663,药,,2,
664,指甲油,,2,
665,药布,,2,
666,给药器,,2,
667,化学剂桶,,2,
668,胶合剂,,2,
669,酒精,,2,
670,胶卷底片,,2,
671,眼药膏,,2,
672,胶片,,2,
673,工业胶片,,2,
674,胶水桶,,2,
675,口服液,,2,
676,口服液瓶,,2,
677,开塞露,,2,
678,咳嗽药片,,2,
679,咳嗽药水瓶,,2,
680,消毒液瓶,,2,
681,空药瓶,,2,
682,锂电池,,2,
683,雷达瓶子,,2,
684,卤素灯,,2,
685,老鼠药,,2,
686,录像带,,2,
687,马应龙,,2,
688,纽扣电池,,2,
689,农药瓶,,2,
690,泡腾片,,2,
691,铅酸电池,,2,
692,染发膏,,2,
693,染发剂,,2,
694,染发剂壳,,2,
695,染发手套,,2,
696,日光灯,,2,
697,杀虫剂,,2,
698,杀虫子灌,,2,
699,杀虫喷雾,,2,
700,深海鱼油,,2,
701,伤筋膏药,,2,
702,伤筋膏药包装,,2,
703,输液瓶,,2,
704,树脂,,2,
705,手机电池,,2,
706,松节油,,2,
707,塑料药盒,,2,
708,塑料药瓶,,2,
709,生石灰,,2,
710,碳粉盒,,2,
711,透明塑料药瓶,,2,
712,烫伤膏,,2,
713,外敷伤药,,2,
714,维生素瓶,,2,
715,蓄电池,,2,
716,硒鼓,,2,
717,卸甲膜,,2,
718,卸甲水,,2,
719,相片底片,,2,
720,西药,,2,
721,药瓶,,2,
722,药包装,,2,
723,一次性注射器,,2,
724,药膏,,2,
725,药膏包装壳,,2,
726,荧光灯,,2,
727,药壶,,2,
728,氧化汞电池,,2,
729,药剂,,2,
730,药片包装,,2,
731,药品包装袋,,2,
732,药片铝塑包装,,2,
733,药品纸盒,,2,
734,油漆笔,,2,
735,油漆桶,,2,
736,药水玻璃瓶,,2,
737,药丸,,2,
738,药液袋,,2,
739,鱼油胶囊,,2,
740,医用棉签,,2,
741,医用纱布,,2,
742,眼药水,,2,
743,眼药水瓶,,2,
744,医用手套,,2,
745,医用针管,,2,
746,医用注射器,,2,
747,痔疮膏,,2,
748,中成药,,2,
749,针管,,2,
750,指甲油瓶子,,2,
751,止咳糖浆瓶,,2,
752,蟑螂药,,2,
753,樟脑丸,,2,
754,针头,,2,
755,针筒,,2,
756,止痛膏,,2,
757,纸药盒,,2,
758,消毒剂,,2,
759,1号电池（无汞）,,4,
760,502胶水,,4,
761,5号电池（无汞）,,4,
762,7号电池（无汞）,,4,
763,84消毒液瓶,,4,
764,A4纸包装袋,,4,
765,CD,,4,
766,DVD,,4,
767,KFC食物包装,,4,
768,KFC纸盒,,4,
769,N次贴,,4,
770,PH试纸,,4,
771,艾草灰,,4,
772,艾灸贴,,4,
773,艾灸渣,,4,
774,安全套包装袋,,4,
775,安全套,,4,
776,白板笔,,4,
777,棒冰包装袋,,4,
778,白板擦,,4,
779,棒冰棍,,4,
780,冰棒棍,,4,
781,冰棒皮,,4,
782,冰宝贴,,4,
783,棒棒糖棒子,,4,
784,冰棒外包装,,4,
785,冰袋,,4,
786,笔袋,,4,
787,棒骨,,4,
788,饼干包装袋,,4,
789,饼干袋,,4,
790,碧根果壳,,4,
791,不干胶带,,4,
792,包裹着狗屎的报纸,,4,
793,包裹着狗屎的塑料袋,,4,
794,包裹着狗屎的纸巾,,4,
795,包裹着鼻涕的纸巾,,4,
796,包裹着鸡蛋壳的餐巾纸,,4,
797,包裹着口香糖的纸巾,,4,
798,包裹着猫屎的膨润土猫砂,,4,
799,包裹着猫屎的塑料袋,,4,
800,包裹着痰的纸巾,,4,
801,包裹着西瓜籽的纸巾,,4,
802,笔壳,,4,
803,贝壳,,4,
804,玻璃胶,,4,
805,保冷剂,,4,
806,菠萝蜜核,,4,
807,便利贴,,4,
808,鼻毛,,4,
809,鞭炮,,4,
810,标签,,4,
811,冰淇淋包装袋,,4,
812,冰淇淋纸,,4,
813,便签纸,,4,
814,标签纸,,4,
815,滤芯,,4,
816,鼻屎,,4,
817,必胜客纸盒,,4,
818,保湿喷雾,,4,
819,鼻贴,,4,
820,冰贴,,4,
821,便条贴,,4,
822,鼻涕纸,,4,
823,被污染的垃圾袋,,4,
824,保鲜冰袋,,4,
825,保鲜袋,,4,
826,保鲜膜,,4,
827,冰箱贴,,4,
828,丙烯颜料,,4,
829,鲍鱼壳,,4,
830,避孕套,,4,
831,避孕套包装,,4,
832,避孕套包装盒,,4,
833,被油污污染过的报纸,,4,
834,杯子,,4,
835,爆竹,,4,
836,便纸,,4,
837,壁纸,,4,
838,别针,,4,
839,编织袋,,4,
840,茶包,,4,
841,菜板,,4,
842,彩笔,,4,
843,醋包,,4,
844,醋袋,,4,
845,磁带,,4,
846,擦过鼻涕的纸巾,,4,
847,草稿纸,,4,
848,尺,,4,
849,串串纸杯,,4,
850,串串竹签,,4,
851,成分复杂的制品,,4,
852,厨房手套,,4,
853,厨房用纸,,4,
854,厨房纸巾,,4,
855,茶壶,,4,
856,储奶袋,,4,
857,唱片,,4,
858,车票,,4,
859,菖蒲叶,,4,
860,成人用品,,4,
861,除湿包,,4,
862,除湿袋,,4,
863,长寿果壳,,4,
864,除湿盒,,4,
865,除湿剂,,4,
866,超市塑料袋,,4,
867,宠物屎垫,,4,
868,宠物饲料包装袋,,4,
869,唇釉,,4,
870,茶叶包,,4,
871,抽纸塑料袋,,4,
872,瓷酒瓶,,4,
873,创口贴,,4,
874,草木灰,,4,
875,彩泥,,4,
876,瓷器碎片,,4,
877,瓷勺,,4,
878,仓鼠垫沙,,4,
879,擦手巾,,4,
880,擦手纸,,4,
881,瓷碎片,,4,
882,擦碗布,,4,
883,宠物毛,,4,
884,草席,,4,
885,测血糖试纸,,4,
886,测血糖计,,4,
887,餐饮外卖盒,,4,
888,草纸,,4,
889,彩妆,,4,
890,搓澡巾,,4,
891,蛏子壳,,4,
892,打包盒,,4,
893,地板蜡,,4,
894,稻草,,4,
895,痘痘贴,,4,
896,电动牙刷刷头,,4,
897,豆腐盒,,4,
898,蛋糕袋,,4,
899,冻干粉面膜,,4,
900,蛋糕盒,,4,
901,打火机,,4,
902,电话卡,,4,
903,登机牌,,4,
904,蛋黄酥包装盒,,4,
905,豆浆杯,,4,
906,豆浆杯盖,,4,
907,豆浆袋,,4,
908,碘酒棉球,,4,
909,带胶制品,,4,
910,大块骨头,,4,
911,滴漏式咖啡,,4,
912,大龙虾壳,,4,
913,大龙虾头,,4,
914,逗猫棒,,4,
915,大米袋,,4,
916,吊牌,,4,
917,碟片,,4,
918,袋泡茶,,4,
919,订书钉,,4,
920,订书钉机,,4,
921,订书针,,4,
922,大头针,,4,
923,动物毛,,4,
924,电蚊香片,,4,
925,电蚊香夜瓶,,4,
926,带油抹布,,4,
927,电影票,,4,
928,带有婴儿粪便的尿不湿,,4,
929,带有婴儿粪便的纸尿裤,,4,
930,电子烟烟弹,,4,
931,耳塞,,4,
932,耳屎,,4,
933,粉笔,,4,
934,粉饼,,4,
935,粉饼盒,,4,
936,方便面包装袋,,4,
937,方便面叉子,,4,
938,方便面盒,,4,
939,方便面桶,,4,
940,方便面调味料,,4,
941,粉尘,,4,
942,防潮袋,,4,
943,废瓷砖,,4,
944,粉底,,4,
945,发带,,4,
946,粉底液,,4,
947,防腐剂,,4,
948,发箍,,4,
949,发夹,,4,
950,发胶,,4,
951,飞机杯,,4,
952,发蜡,,4,
953,肥料,,4,
954,防霉防蛀片,,4,
955,粉扑,,4,
956,发票,,4,
957,发泡网,,4,
958,发卡,,4,
959,废弃的纸张,,4,
960,番茄酱包装袋,,4,
961,废弃食品袋,,4,
962,发热包,,4,
963,发饰,,4,
964,沸石猫砂,,4,
965,防晒喷雾,,4,
966,防晒霜,,4,
967,防碎气泡膜,,4,
968,饭团包装,,4,
969,防蚊贴,,4,
970,封箱带,,4,
971,复写纸,,4,
972,风油精,,4,
973,风油精瓶,,4,
974,防油纸,,4,
975,肥皂,,4,
976,废纸,,4,
977,防震膜,,4,
978,干冰,,4,
979,钢笔,,4,
980,干冰袋,,4,
981,干草,,4,
982,干草包装袋,,4,
983,光碟,,4,
984,光碟包,,4,
985,果冻包装袋,,4,
986,干电池（无汞）,,4,
987,果冻壳,,4,
988,关东煮纸杯,,4,
989,挂耳咖啡,,4,
990,干发巾,,4,
991,广告塑料,,4,
992,干花,,4,
993,硅胶猫砂,,4,
994,硅胶手环,,4,
995,干净无油食品包装袋,,4,
996,过滤袋,,4,
997,百洁布,,4,
998,蛤蜊壳,,4,
999,狗毛,,4,
1000,鸽毛,,4,
1001,碎纸机处理的碎纸,,4,
1002,狗屎垫,,4,
1003,光盘,,4,
1004,过期防晒霜,,4,
1005,过期护肤品,,4,
1006,过期化妆品,,4,
1007,过期口红,,4,
1008,钢丝球,,4,
1009,固体胶,,4,
1010,固体清香剂,,4,
1011,购物卡,,4,
1012,防蚊手环,,4,
1013,购物小票,,4,
1014,塑料拖鞋,,4,
1015,甘蔗皮,,4,
1016,干燥剂,,4,
1017,硅藻泥,,4,
1018,画笔,,4,
1019,红笔,,4,
1020,黑板擦,,4,
1021,河蚌壳,,4,
1022,汉堡纸,,4,
1023,灰尘,,4,
1024,火柴,,4,
1025,红茶包,,4,
1026,火车票,,4,
1027,坏的花盆,,4,
1028,海胆壳,,4,
1029,护发精油,,4,
1030,护肤品,,4,
1031,花蛤壳,,4,
1032,混合猫砂,,4,
1033,红酒塞,,4,
1034,花篮,,4,
1035,护理垫,,4,
1036,海螺壳,,4,
1037,荷兰猪毛,,4,
1038,海绵,,4,
1039,海绵蛋,,4,
1040,海绵粉扑,,4,
1041,坏马桶,,4,
1042,花泥,,4,
1043,花盆,,4,
1044,烘焙纸,,4,
1045,护手霜,,4,
1046,灰土,,4,
1047,火腿肠包装纸,,4,
1048,核桃壳,,4,
1049,胡须,,4,
1050,活性炭,,4,
1051,回形针,,4,
1052,黄油包装纸,,4,
1053,胡渣,,4,
1054,徽章,,4,
1055,化妆镜,,4,
1056,化妆品密封塑料膜,,4,
1057,化妆品瓶盖,,4,
1058,化妆棉,,4,
1059,化妆刷,,4,
1060,胶棒,,4,
1061,胶布,,4,
1062,卷笔刀,,4,
1063,胶带,,4,
1064,胶带纸,,4,
1065,假发,,4,
1066,坚果壳,,4,
1067,浆糊,,4,
1068,胶画,,4,
1069,记号笔,,4,
1070,净化器滤芯,,4,
1071,假睫毛,,4,
1072,酒精棉花,,4,
1073,假睫毛胶水,,4,
1074,酒精棉片,,4,
1075,酒精棉球,,4,
1076,寄居蟹,,4,
1077,旧镜子,,4,
1078,旧口罩,,4,
1079,鸡毛,,4,
1080,芥末包装,,4,
1081,睫毛膏,,4,
1082,旧毛巾,,4,
1083,洁面摩丝,,4,
1084,胶囊咖啡,,4,
1085,旧内衣,,4,
1086,机票,,4,
1087,脚皮,,4,
1088,键盘清洁胶,,4,
1089,旧水槽,,4,
1090,胶水,,4,
1091,吉他弦,,4,
1092,卷筒纸,,4,
1093,卷筒纸包装,,4,
1094,碱性电池,,4,
1095,假牙,,4,
1096,酱油包装袋,,4,
1097,酱油袋,,4,
1098,旧鱼缸,,4,
1099,甲鱼壳,,4,
1100,旧牙刷,,4,
1101,镜子,,4,
1102,胶纸,,4,
1103,脚趾甲,,4,
1104,减震泡泡膜,,4,
1105,捆绑带,,4,
1106,快餐盒,,4,
1107,烤串棒,,4,
1108,快递包装袋,,4,
1109,快递单,,4,
1110,快递袋,,4,
1111,肯德基番茄酱包装袋,,4,
1112,快递贴纸,,4,
1113,咖啡杯杯盖,,4,
1114,咖啡胶囊,,4,
1115,咖啡滤纸,,4,
1116,口红,,4,
1117,口红盒,,4,
1118,空气清新剂罐,,4,
1119,空调滤芯,,4,
1120,枯萎花草,,4,
1121,开心果壳,,4,
1122,口香糖,,4,
1123,扣子,,4,
1124,筷子,,4,
1125,口罩,,4,
1126,蜡笔,,4,
1127,滤尘袋,,4,
1128,绿豆包装,,4,
1129,滤桂咖啡,,4,
1130,刘海夹,,4,
1131,老花镜,,4,
1132,垃圾袋,,4,
1133,拉链,,4,
1134,卤料包,,4,
1135,乐乐茶杯,,4,
1136,颜料盒,,4,
1137,榴莲核,,4,
1138,榴莲壳,,4,
1139,炼乳壳,,4,
1140,零食包装袋,,4,
1141,乐事薯片盒,,4,
1142,辣条包装袋,,4,
1143,滤网,,4,
1144,芦苇叶,,4,
1145,柳絮,,4,
1146,凉席,,4,
1147,冷饮,,4,
1148,蜡油,,4,
1149,冷饮棒,,4,
1150,冷饮包装纸,,4,
1151,晾衣夹,,4,
1152,滤纸,,4,
1153,蜡烛,,4,
1154,炉渣,,4,
1155,蜡烛包装,,4,
1156,蜡烛塑料膜,,4,
1157,毛笔,,4,
1158,棉棒,,4,
1159,眉笔,,4,
1160,抹布,,4,
1161,面包袋,,4,
1162,毛笔写过的纸,,4,
1163,墨胆,,4,
1164,麻袋,,4,
1165,麦当劳纸盒,,4,
1166,魔方,,4,
1167,眉粉,,4,
1168,毛发,,4,
1169,密封袋,,4,
1170,面粉袋,,4,
1171,猫罐头,,4,
1172,棉花,,4,
1173,棉花棒,,4,
1174,棉花球,,4,
1175,墨镜,,4,
1176,马夹袋,,4,
1177,面巾纸,,4,
1178,面巾纸包装纸,,4,
1179,马克笔,,4,
1180,马克杯,,4,
1181,猫粮包装袋,,4,
1182,牡蛎壳,,4,
1183,猫毛,,4,
1184,面膜,,4,
1185,面膜包装纸,,4,
1186,面膜外层纸,,4,
1187,墨囊,,4,
1188,木瓶塞,,4,
1189,棉球,,4,
1190,棉签,,4,
1191,棉柔巾,,4,
1192,麻绳,,4,
1193,摩丝罐,,4,
1194,棉绳,,4,
1195,磨砂膏,,4,
1196,美瞳,,4,
1197,美瞳包装,,4,
1198,面条包装袋,,4,
1199,马桶刷,,4,
1200,灭蚊灯,,4,
1201,灭蚊片,,4,
1202,棉线,,4,
1203,木屑,,4,
1204,明信片,,4,
1205,魔芋粉包装袋,,4,
1206,沐浴球,,4,
1207,毛衣针,,4,
1208,面纸,,4,
1209,美妆蛋,,4,
1210,木质梳子,,4,
1211,泥巴,,4,
1212,暖宝宝,,4,
1213,暖宝宝贴,,4,
1214,粘冲板,,4,
1215,奶茶杯,,4,
1216,奶茶盖,,4,
1217,奶茶塑料盖,,4,
1218,粘尘纸,,4,
1219,奶茶塑料杯,,4,
1220,奶茶纸杯,,4,
1221,尿垫,,4,
1222,奶茶盖,,4,
1223,牛骨,,4,
1224,牛骨棒,,4,
1225,奶粉勺子,,4,
1226,牛骨头,,4,
1227,凝胶,,4,
1228,内裤,,4,
1229,纽扣,,4,
1230,牛肋骨,,4,
1231,尼龙制品,,4,
1232,粘毛滚纸,,4,
1233,纳米海绵,,4,
1234,牛奶袋,,4,
1235,尿片,,4,
1236,牛排包装,,4,
1237,牛皮筋,,4,
1238,冰淇淋纸杯,,4,
1239,牛肉干包装,,4,
1240,牛肉骨头,,4,
1241,粘鼠板,,4,
1242,泥土,,4,
1243,黏土,,4,
1244,牛尾骨,,4,
1245,内衣,,4,
1246,内衣包装袋,,4,
1247,奶嘴,,4,
1248,牛仔骨,,4,
1249,粘纸,,4,
1250,呕吐物纸巾,,4,
1251,膨化食品包装袋,,4,
1252,泡脚袋,,4,
1253,平角裤,,4,
1254,啤酒瓶盖,,4,
1255,泡面袋,,4,
1256,泡面调料包,,4,
1257,泡沫饭盒,,4,
1258,泡沫盒子,,4,
1259,泡面桶,,4,
1260,乒乓球,,4,
1261,泡泡糖,,4,
1262,皮皮虾壳,,4,
1263,膨润土猫砂,,4,
1264,披萨盒,,4,
1265,破碎盘子,,4,
1266,葡萄酒木塞,,4,
1267,盆子,,4,
1268,铅笔,,4,
1269,铅笔芯,,4,
1270,铅笔屑,,4,
1271,曲别针,,4,
1272,青草膏,,4,
1273,气垫BB霜,,4,
1274,气垫膜,,4,
1275,墙灰,,4,
1276,去黑头鼻贴,,4,
1277,清洁抹布,,4,
1278,青口贝,,4,
1279,巧克力包装袋,,4,
1280,巧克力锡纸,,4,
1281,清凉贴,,4,
1282,全棉时代纸巾,,4,
1283,气泡垫,,4,
1284,气泡袋,,4,
1285,气泡纸,,4,
1286,气球,,4,
1287,氢气球,,4,
1288,清扫渣土,,4,
1289,驱蚊手环,,4,
1290,驱蚊贴,,4,
1291,驱蚊香片,,4,
1292,琴弦,,4,
1293,签字笔,,4,
1294,墙纸,,4,
1295,轻质彩泥,,4,
1296,润唇膏,,4,
1297,乳垫,,4,
1298,润肤乳,,4,
1299,乳胶,,4,
1300,肉类包装盒,,4,
1301,软木塞,,4,
1302,面膜,,4,
1303,热敏纸,,4,
1304,日抛,,4,
1305,瑞幸咖啡杯,,4,
1306,热饮杯盖,,4,
1307,扫把,,4,
1308,水笔,,4,
1309,水彩笔,,4,
1310,水彩颜料,,4,
1311,盛放厨余果皮的垃圾袋,,4,
1312,塑料袋,,4,
1313,丝瓜筋,,4,
1314,腮红,,4,
1315,商标,,4,
1316,纱布,,4,
1317,水笔笔芯,,4,
1318,鼠标垫,,4,
1319,水笔芯,,4,
1320,蔬菜包装袋,,4,
1321,蔬菜包装盒,,4,
1322,纱窗,,4,
1323,湿厕纸,,4,
1324,湿厕纸包装袋,,4,
1325,水粉颜料,,4,
1326,石锅,,4,
1327,砂锅,,4,
1328,石膏,,4,
1329,水果包装袋,,4,
1330,水果罐,,4,
1331,水果塑料盒,,4,
1332,湿灰尘,,4,
1333,生蚝壳,,4,
1334,湿海绵,,4,
1335,收据,,4,
1336,水饺包装袋,,4,
1337,手机壳,,4,
1338,手机链,,4,
1339,手机膜,,4,
1340,水晶猫砂,,4,
1341,水晶泥,,4,
1342,手机绳,,4,
1343,烧烤锡纸,,4,
1344,烧烤竹签,,4,
1345,沙拉袋,,4,
1346,湿毛发,,4,
1347,双面胶,,4,
1348,湿面巾纸,,4,
1349,手帕,,4,
1350,食品保鲜袋,,4,
1351,薯片包装袋,,4,
1352,薯片袋,,4,
1353,食品干燥剂,,4,
1354,薯片盒,,4,
1355,食品密封袋,,4,
1356,食品塑料盒,,4,
1357,爽生粉,,4,
1358,湿塑料袋,,4,
1359,湿头发,,4,
1360,身体乳,,4,
1361,湿卫生纸,,4,
1362,使用过的安全套,,4,
1363,使用过的面膜,,4,
1364,使用过的卫生巾,,4,
1365,双眼皮贴,,4,
1366,湿烟头,,4,
1367,收银条,,4,
1368,扇子,,4,
1369,手指甲,,4,
1370,湿纸巾包装,,4,
1371,湿纸巾包装袋,,4,
1372,湿纸箱,,4,
1373,松紧带,,4,
1374,三角裤,,4,
1375,湿巾纸,,4,
1376,烧烤木签,,4,
1377,塑料表带,,4,
1378,塑料笔杆,,4,
1379,塑料薄膜,,4,
1380,塑料叉子,,4,
1381,塑料带,,4,
1382,塑料袋,,4,
1383,塑料打包盒,,4,
1384,塑料挂钩,,4,
1385,塑料盖子,,4,
1386,塑料花,,4,
1387,湿垃圾袋,,4,
1388,塑料咖啡杯,,4,
1389,塑料垃圾袋,,4,
1390,塑料勺,,4,
1391,塑料刷子,,4,
1392,塑料糖纸,,4,
1393,塑料外卖盒,,4,
1394,塑料吸管,,4,
1395,塑料油壶,,4,
1396,塑料牙签,,4,
1397,松木猫砂,,4,
1398,酸奶杯盖,,4,
1399,酸奶袋,,4,
1400,酸奶勺,,4,
1401,酸奶吸管,,4,
1402,薯片罐,,4,
1403,速溶咖啡包装,,4,
1404,塑料夹子,,4,
1405,丝袜,,4,
1406,碎碗,,4,
1407,树枝,,4,
1408,扫帚,,4,
1409,碎纸屑,,4,
1410,湿纸巾,,4,
1411,拖把,,4,
1412,糖包,,4,
1413,炭包,,4,
1414,陶瓷杯,,4,
1415,陶瓷花瓶,,4,
1416,陶瓷花盆,,4,
1417,陶瓷类废弃物,,4,
1418,陶瓷盘子,,4,
1419,陶瓷碗碟,,4,
1420,陶瓷烟灰缸,,4,
1421,陶瓷制品,,4,
1422,头发,,4,
1423,烫发剂壳,,4,
1424,糖果皮,,4,
1425,糖浆包,,4,
1426,太空沙,,4,
1427,调料包,,4,
1428,调料袋,,4,
1429,田螺壳,,4,
1430,甜芦栗皮,,4,
1431,兔毛,,4,
1432,透明打包盒,,4,
1433,脱毛膏,,4,
1434,透明胶,,4,
1435,条码纸,,4,
1436,陶泥,,4,
1437,头皮屑,,4,
1438,陶器,,4,
1439,退热贴,,4,
1440,头饰,,4,
1441,头绳,,4,
1442,退烧贴,,4,
1443,脱酸素剂,,4,
1444,陶土花瓶,,4,
1445,头屑,,4,
1446,拖鞋,,4,
1447,碳性电池,,4,
1448,剃须泡沫罐,,4,
1449,脱氧保鲜剂,,4,
1450,脱氧剂,,4,
1451,太阳镜,,4,
1452,太阳眼镜,,4,
1453,坛子,,4,
1454,糖纸,,4,
1455,桃子核,,4,
1456,贴纸,,4,
1457,文蛤壳,,4,
1458,乌龟壳,,4,
1459,文件袋,,4,
1460,外卖餐盒,,4,
1461,外卖餐具,,4,
1462,外卖饭盒,,4,
1463,外卖盒子,,4,
1464,外卖塑料袋,,4,
1465,外卖塑料盒,,4,
1466,外卖纸盒,,4,
1467,瓦片,,4,
1468,网球,,4,
1469,污染较严重的纸,,4,
1470,污染纸张,,4,
1471,卫生棒,,4,
1472,卫生护垫,,4,
1473,卫生巾包装袋,,4,
1474,卫生巾外包装,,4,
1475,卫生间用纸,,4,
1476,卫生卷纸,,4,
1477,卫生巾,,4,
1478,卫生棉条,,4,
1479,卫生巾外层薄塑料纸,,4,
1480,碎碗片,,4,
1481,污损塑料袋,,4,
1482,卫生纸,,4,
1483,污损纸张,,4,
1484,蚊香,,4,
1485,文胸,,4,
1486,蚊香灰,,4,
1487,蚊香片,,4,
1488,五子棋,,4,
1489,污渍纸巾,,4,
1490,纸,,4,
1491,锡箔餐盒,,4,
1492,星巴克咖啡杯,,4,
1493,星巴克塑料杯,,4,
1494,相册,,4,
1495,喜茶杯,,4,
1496,香肠壳,,4,
1497,吸尘器灰尘,,4,
1498,香肠竹签,,4,
1499,香袋,,4,
1500,消毒棉,,4,
1501,洗涤液包装袋,,4,
1502,吸管,,4,
1503,雪糕棒,,4,
1504,吸管薄膜,,4,
1505,雪糕包装袋,,4,
1506,雪糕袋,,4,
1507,雪糕棍,,4,
1508,吸管塑料袋,,4,
1509,小核桃壳,,4,
1510,绣花针,,4,
1511,橡胶,,4,
1512,橡胶手套,,4,
1513,橡胶制品,,4,
1514,洗脸巾,,4,
1515,修眉刀,,4,
1516,西梅核,,4,
1517,香囊,,4,
1518,橡皮,,4,
1519,小票,,4,
1520,橡皮擦,,4,
1521,橡皮筋,,4,
1522,橡皮泥,,4,
1523,橡皮屑,,4,
1524,象棋,,4,
1525,下水道杂物,,4,
1526,下水道淤泥,,4,
1527,吸湿剂,,4,
1528,胸贴,,4,
1529,洗头膏,,4,
1530,血糖试纸,,4,
1531,洗碗布,,4,
1532,吸味剂,,4,
1533,夏威夷果壳,,4,
1534,香薰球,,4,
1535,香烟,,4,
1536,洗衣粉袋,,4,
1537,香烟灰,,4,
1538,吸油面纸,,4,
1539,香烟头,,4,
1540,洗衣液包装袋,,4,
1541,香皂,,4,
1542,席子,,4,
1543,胸罩,,4,
1544,胸针,,4,
1545,宣纸,,4,
1546,香烛,,4,
1547,卸妆膏,,4,
1548,卸妆棉,,4,
1549,锡纸盘,,4,
1550,卸妆乳瓶,,4,
1551,小纸屑,,4,
1552,修正液,,4,
1553,卸妆油瓶,,4,
1554,卸妆纸片,,4,
1555,眼部精华胶囊,,4,
1556,盐包装袋,,4,
1557,牙齿,,4,
1558,演唱会票,,4,
1559,一次性便当盒,,4,
1560,一次性保鲜膜,,4,
1561,一次性杯子,,4,
1562,一次性餐盒,,4,
1563,一次性叉子,,4,
1564,一次性餐具,,4,
1565,一次性餐具包装,,4,
1566,一次性打火机,,4,
1567,一次性电子烟,,4,
1568,一次性咖啡纸杯,,4,
1569,一次性口罩,,4,
1570,一次性筷子,,4,
1571,一次性尿布,,4,
1572,一次性内裤,,4,
1573,一次性手套,,4,
1574,一次性塑料杯,,4,
1575,一次性塑料餐盒,,4,
1576,一次性塑料袋,,4,
1577,一次性塑料盘,,4,
1578,一次性塑料手套,,4,
1579,一次性塑料勺子,,4,
1580,一次性塑料调羹,,4,
1581,一次性塑料鞋套,,4,
1582,一次性塑料浴帽,,4,
1583,一次性伞套,,4,
1584,一次性拖鞋,,4,
1585,一次性剃须刀片,,4,
1586,一次性洗脸巾,,4,
1587,一次性用品,,4,
1588,一次性纸餐盘,,4,
1589,一次性纸杯,,4,
1590,一次性竹筷子,,4,
1591,烟蒂,,4,
1592,羊大骨,,4,
1593,婴儿尿布,,4,
1594,衣服标签,,4,
1595,牙膏,,4,
1596,羊骨,,4,
1597,荧光笔,,4,
1598,荧光棒,,4,
1599,牙膏壳,,4,
1600,牙膏皮,,4,
1601,烟盒,,4,
1602,浴花,,4,
1603,烟灰,,4,
1604,烟盒内锡纸,,4,
1605,油画刷,,4,
1606,油画颜料软管,,4,
1607,油画颜料,,4,
1608,浴巾,,4,
1609,眼镜,,4,
1610,泳镜,,4,
1611,眼镜布,,4,
1612,眼镜盒,,4,
1613,眼镜架,,4,
1614,眼镜框,,4,
1615,颜料,,4,
1616,养乐多盖,,4,
1617,饮料瓶标签,,4,
1618,腋毛,,4,
1619,鸭毛,,4,
1620,眼膜,,4,
1621,姨妈巾,,4,
1622,玉米皮,,4,
1623,羽毛球,,4,
1624,玉米叶,,4,
1625,玉米衣,,4,
1626,印泥,,4,
1627,雨披,,4,
1628,牙签,,4,
1629,椰青壳,,4,
1630,牙签塑料盒,,4,
1631,羊肉串棒,,4,
1632,羊肉骨头,,4,
1633,烟丝,,4,
1634,牙刷,,4,
1635,眼屎,,4,
1636,浴沙,,4,
1637,永生花,,4,
1638,牙刷头,,4,
1639,砚台,,4,
1640,牙贴,,4,
1641,牙套,,4,
1642,油条包装袋,,4,
1643,液体胶,,4,
1644,眼贴膜,,4,
1645,液体蚊香,,4,
1646,液体蚊香瓶,,4,
1647,油污湿巾纸,,4,
1648,油污纸,,4,
1649,牙线,,4,
1650,牙线棒,,4,
1651,油性笔,,4,
1652,眼线笔,,4,
1653,眼线液,,4,
1654,隐形眼镜,,4,
1655,隐形眼镜盒,,4,
1656,隐形眼镜护理液,,4,
1657,羊蝎子,,4,
1658,眼影,,4,
1659,雨衣,,4,
1660,验孕棒,,4,
1661,婴幼儿纸尿裤,,4,
1662,园艺土,,4,
1663,营养土,,4,
1664,游泳眼镜,,4,
1665,油脂,,4,
1666,胭脂,,4,
1667,印章,,4,
1668,圆珠笔,,4,
1669,圆珠笔芯,,4,
1670,椰子壳,,4,
1671,脏玻璃瓶,,4,
1672,早餐奶包装袋,,4,
1673,早餐塑料袋,,4,
1674,猪大骨,,4,
1675,自动铅笔笔芯,,4,
1676,珍宝蟹,,4,
1677,榨菜袋,,4,
1678,智齿,,4,
1679,织带,,4,
1680,纸饭盒,,4,
1681,自嗨锅,,4,
1682,装过湿垃圾的塑料袋,,4,
1683,猪骨头,,4,
1684,枕巾,,4,
1685,炸鸡包装袋,,4,
1686,纸巾袋,,4,
1687,纸胶带,,4,
1688,证件塑料壳,,4,
1689,证件外包装,,4,
1690,纸咖啡杯,,4,
1691,蟑螂贴,,4,
1692,纸皮核桃,,4,
1693,蒸汽眼罩,,4,
1694,粘鼠板,,4,
1695,装塑料的塑料袋,,4,
1696,竹炭包,,4,
1697,猪腿骨,,4,
1698,生物冰袋,,4,
1699,中性笔,,4,
1700,中药包,,4,
1701,中药面膜,,4,
1702,竹牙签,,4,
1703,沾有油渍的食品包装袋,,4,
1704,珍珠奶茶杯,,4,
1705,竹制品,,4,
1706,榛子壳,,4,
1707,纸质外卖盒,,4,
1708,纸巾,,4,
1709,纸巾包装袋,,4,
1710,指甲片,,4,
1711,砖块,,4,
1712,脏抹布,,4,
1713,纸尿裤,,4,
1714,脏牛奶盒,,4,
1715,自热包,,4,
1716,自热火锅加热包,,4,
1717,紫砂壶,,4,
1718,注射器,,4,
1719,足贴,,4,
1720,渣土,,4,
1721,织物,,4,
1722,脏卫生巾,,4,
1723,砖瓦陶瓷,,4,
1724,脏污衣物,,4,
1725,植物硬壳,,4,
1726,装修废弃物,,4,
1727,脏卸妆棉,,4,
1728,粽叶,,4,
1729,足浴袋,,4,
1730,中药袋,,4,
1731,洗衣粉,,4,
1732,粽子包裹绳,,4,
1733,纸质包装袋,,4,
1734,自煮火锅盒,,4,
1735,脏纸巾,,4,
1736,脏纸尿裤,,4,
1737,粽子皮,,4,
1738,修正带,,4,
1739,包裹着鼻屎的纸巾,,4,
1740,吸油纸,,4,
1741,喝过的奶茶杯子,,4,
1742,帝王蟹壳,,4,
1743,A4纸,,1,
1744,AD钙奶瓶,,1,
1745,CD塑料盒,,1,
1746,KFC纸袋,,1,
1747,PET塑料瓶,,1,
1748,PS4,,1,
1749,PU革,,1,
1750,USB风扇,,1,
1751,USB线,,1,
1752,U盘,,1,
1753,奥特曼玩具,,1,
1754,奥特曼卡片,,1,
1755,背包,,1,
1756,布包,,1,
1757,步步高学习机,,1,
1758,芭比娃娃,,1,
1759,白炽灯,,1,
1760,被单,,1,
1761,杯垫,,1,
1762,报废车辆,,1,
1763,饼干盒,,1,
1764,办公用纸,,1,
1765,办公桌,,1,
1766,冰红茶利乐包装,,1,
1767,笔记本电脑,,1,
1768,笔记本电源,,1,
1769,白酒瓶,,1,
1770,布料,,1,
1771,玻璃,,1,
1772,玻璃杯,,1,
1773,玻璃电子秤,,1,
1774,玻璃放大镜,,1,
1775,玻璃锅盖,,1,
1776,玻璃壶,,1,
1777,冰淇淋盒,,1,
1778,玻璃花瓶,,1,
1779,玻璃蜡烛杯,,1,
1780,玻璃密封容器,,1,
1781,玻璃瓶,,1,
1782,保龄球,,1,
1783,巴黎水玻璃瓶,,1,
1784,玻璃碎片,,1,
1785,玻璃烟灰缸,,1,
1786,玻璃渣,,1,
1787,包书纸,,1,
1788,被套,,1,
1789,保温杯,,1,
1790,保温袋,,1,
1791,保温壶,,1,
1792,保温瓶,,1,
1793,布娃娃,,1,
1794,布鞋,,1,
1795,不锈钢杯子,,1,
1796,不锈钢垃圾桶,,1,
1797,不锈钢勺子,,1,
1798,变形金刚,,1,
1799,保鲜膜带齿盒,,1,
1800,布鞋套,,1,
1801,百叶窗,,1,
1802,布艺窗帘,,1,
1803,报纸,,1,
1804,被子,,1,
1805,本子,,1,
1806,包装盒,,1,
1807,抱枕,,1,
1808,包装纸,,1,
1809,菜刀,,1,
1810,磁带播放器,,1,
1811,草稿本,,1,
1812,窗玻璃,,1,
1813,炒菜铁锅,,1,
1814,床垫,,1,
1815,传单,,1,
1816,床单,,1,
1817,充电宝,,1,
1818,充电器,,1,
1819,充电热水袋,,1,
1820,充电线,,1,
1821,充电 牙刷,,1,
1822,充电装置,,1,
1823,吹风机,,1,
1824,纯牛奶纸盒,,1,
1825,衬衫,,1,
1826,除湿机,,1,
1827,插线板,,1,
1828,茶叶罐,,1,
1829,插座,,1,
1830,茶几,,1,
1831,磁力贴,,1,
1832,醋瓶,,1,
1833,CPU,,1,
1834,测试卷子,,1,
1835,磁铁,,1,
1836,搓衣板,,1,
1837,传真机,,1,
1838,刀,,1,
1839,档案袋,,1,
1840,电脑机箱,,1,
1841,电冰箱,,1,
1842,地板砖,,1,
1843,电吹风,,1,
1844,点钞机,,1,
1845,电磁炉,,1,
1846,电动保温箱,,1,
1847,电炖锅,,1,
1848,电动刮痧板,,1,
1849,电动卷发棒,,1,
1850,打底裤,,1,
1851,电动剃须刀,,1,
1852,电动玩具,,1,
1853,电动牙刷,,1,
1854,电饭煲,,1,
1855,电话机,,1,
1856,电锯,,1,
1857,豆浆机,,1,
1858,电烤箱,,1,
1859,滴露瓶,,1,
1860,电脑,,1,
1861,电脑包,,1,
1862,电瓶车防晒垫,,1,
1863,电瓶,,1,
1864,刀片,,1,
1865,打气筒,,1,
1866,地球仪,,1,
1867,电容,,1,
1868,电热水壶,,1,
1869,电热毯,,1,
1870,电扇,,1,
1871,电水壶,,1,
1872,订书机,,1,
1873,电视机,,1,
1874,地毯,,1,
1875,蛋挞盒,,1,
1876,地铁票,,1,
1877,大提琴,,1,
1878,电蚊拍,,1,
1879,电线,,1,
1880,点心盒,,1,
1881,大衣,,1,
1882,电源插头,,1,
1883,电熨斗,,1,
1884,打印机,,1,
1885,打印纸,,1,
1886,电阻,,1,
1887,垫子,,1,
1888,钉子,,1,
1889,电子表,,1,
1890,电钻,,1,
1891,电蒸锅,,1,
1892,电子灭蚊拍,,1,
1893,电子手表,,1,
1894,电子血压仪,,1,
1895,耳机,,1,
1896,耳钉,,1,
1897,耳环,,1,
1898,二极管,,1,
1899,二手手机,,1,
1900,帆布包,,1,
1901,帆布鞋,,1,
1902,废报纸,,1,
1903,翡翠手镯,,1,
1904,废电路板,,1,
1905,废旧电子产品,,1,
1906,废旧木柴,,1,
1907,废旧小家电,,1,
1908,废旧吸铁石,,1,
1909,蜂蜜罐,,1,
1910,番茄酱瓶,,1,
1911,废弃塑料文具,,1,
1912,废弃衣服,,1,
1913,腐乳瓶,,1,
1914,防晒衣,,1,
1915,废食用油瓶,,1,
1916,废锁头,,1,
1917,风衣,,1,
1918,复印机,,1,
1919,废钥匙,,1,
1920,复印纸,,1,
1921,锅,,1,
1922,鼓棒,,1,
1923,钢尺,,1,
1924,果冻杯,,1,
1925,关东煮隔热杯套,,1,
1926,高尔夫球杆,,1,
1927,干发帽,,1,
1928,广告单,,1,
1929,高跟鞋,,1,
1930,广告用纸,,1,
1931,广告纸片,,1,
1932,钢化玻璃,,1,
1933,钢化膜,,1,
1934,果酱瓶,,1,
1935,硅胶玩具,,1,
1936,干净饮料瓶,,1,
1937,橄榄球,,1,
1938,过滤网,,1,
1939,蜂蜜柚子茶玻璃罐,,1,
1940,擀面杖,,1,
1941,光驱,,1,
1942,钢琴,,1,
1943,罐头瓶,,1,
1944,公文包,,1,
1945,购物卡,,1,
1946,高压锅,,1,
1947,海报,,1,
1948,黑板,,1,
1949,滑板,,1,
1950,环保布质垃圾袋,,1,
1951,环保袋,,1,
1952,护肤品玻璃罐,,1,
1953,护肤品瓶,,1,
1954,护肤乳液瓶,,1,
1955,护发素瓶,,1,
1956,黄金,,1,
1957,合金筷子,,1,
1958,红酒瓶,,1,
1959,画框,,1,
1960,呼啦圈,,1,
1961,花露水瓶,,1,
1962,花洒软管,,1,
1963,话筒,,1,
1964,黄桃罐头,,1,
1965,华为手机,,1,
1966,会员卡,,1,
1967,耗油瓶,,1,
1968,化妆品玻璃瓶,,1,
1969,化妆品外包装纸盒,,1,
1970,化妆水瓶,,1,
1971,化妆品瓶,,1,
1972,iPhone,,1,
1973,iPad,,1,
1974,旧被单,,1,
1975,搅拌器,,1,
1976,旧布鞋,,1,
1977,旧报纸,,1,
1978,旧窗帘,,1,
1979,洁厕灵瓶子,,1,
1980,酱菜瓶,,1,
1981,洁厕液瓶,,1,
1982,剪刀,,1,
1983,脚垫,,1,
1984,鸡蛋包装盒,,1,
1985,鸡蛋盒,,1,
1986,机顶盒,,1,
1987,家电家具,,1,
1988,鸡蛋塑料保护壳,,1,
1989,精华玻璃瓶,,1,
1990,旧剪刀,,1,
1991,酒精瓶,,1,
1992,旧夹子,,1,
1993,金戒指,,1,
1994,洁面仪,,1,
1995,旧帽子,,1,
1996,节能灯插座,,1,
1997,酒瓶,,1,
1998,键盘,,1,
1999,镜片,,1,
2000,脚盆,,1,
2001,旧皮鞋,,1,
2002,旧跑鞋,,1,
2003,金器,,1,
2004,旧锁,,1,
2005,旧书包,,1,
2006,金属罐,,1,
2007,金属盒,,1,
2008,金属,,1,
2009,金属管,,1,
2010,金手链,,1,
2011,金属零件,,1,
2012,金属晾衣杆,,1,
2013,金属门吸,,1,
2014,金属瓶盖,,1,
2015,加湿器,,1,
2016,健身器材,,1,
2017,金属拖把杆,,1,
2018,金属香炉,,1,
2019,金属鱼钩,,1,
2020,金属钥匙扣,,1,
2021,旧塑料篮子,,1,
2022,计算器,,1,
2023,净水器,,1,
2024,旧手提包,,1,
2025,金属文件柜,,1,
2026,吉他,,1,
2027,旧铁锅,,1,
2028,交通卡,,1,
2029,旧拖鞋,,1,
2030,卷筒纸内芯,,1,
2031,旧玩具,,1,
2032,机箱,,1,
2033,接线板,,1,
2034,旧相机,,1,
2035,金项链,,1,
2036,旧鞋子,,1,
2037,旧衣服,,1,
2038,旧瑜伽垫,,1,
2039,酱油瓶,,1,
2040,金子,,1,
2041,旧纸袋,,1,
2042,卷纸内芯,,1,
2043,旧枕头,,1,
2044,卷纸芯,,1,
2045,课本,,1,
2046,靠垫,,1,
2047,快递盒,,1,
2048,空调机,,1,
2049,肯德基豆浆杯盖,,1,
2050,肯德基纸袋,,1,
2051,快递纸袋,,1,
2052,快递纸箱,,1,
2053,咖啡杯套,,1,
2054,咖啡隔热纸,,1,
2055,开关,,1,
2056,抗光屏,,1,
2057,Kindle,,1,
2058,可口可乐瓶,,1,
2059,可乐罐,,1,
2060,可乐瓶,,1,
2061,可乐瓶盖,,1,
2062,空气净化器过滤网,,1,
2063,矿泉水瓶盖,,1,
2064,矿泉水瓶,,1,
2065,矿泉水桶,,1,
2066,口香糖塑料盒,,1,
2067,裤子,,1,
2068,卡纸,,1,
2069,靠枕,,1,
2070,铝箔袋,,1,
2071,溜冰鞋,,1,
2072,铝箔纸,,1,
2073,绿茶包装盒,,1,
2074,铃铛,,1,
2075,螺钉,,1,
2076,铝盖,,1,
2077,老干妈瓶子,,1,
2078,蓝罐曲奇盒,,1,
2079,乐高玩具,,1,
2080,拉杆箱,,1,
2081,领结,,1,
2082,料酒瓶,,1,
2083,垃圾桶,,1,
2084,乐扣玻璃盒,,1,
2085,乐扣,,1,
2086,乐扣塑料盒,,1,
2087,铝膜,,1,
2088,脸摩仪,,1,
2089,脸盆,,1,
2090,篮球,,1,
2091,螺丝,,1,
2092,螺丝刀,,1,
2093,螺丝钉,,1,
2094,铝塑复合管,,1,
2095,轮胎,,1,
2096,榔头,,1,
2097,凉鞋,,1,
2098,练习册,,1,
2099,旅行箱,,1,
2100,蓝牙耳机,,1,
2101,晾衣架,,1,
2102,路由器,,1,
2103,连衣裙,,1,
2104,蜡烛,,1,
2105,铝制品,,1,
2106,密胺餐具,,1,
2107,棉被,,1,
2108,幕布,,1,
2109,棉布,,1,
2110,木板,,1,
2111,木棒,,1,
2112,木凳,,1,
2113,麦当劳咖啡杯杯盖,,1,
2114,麦当劳纸袋,,1,
2115,脉动饮料瓶,,1,
2116,美肤仪,,1,
2117,木棍,,1,
2118,美工刀,,1,
2119,棉花被,,1,
2120,灭火器,,1,
2121,木盒子,,1,
2122,木积木,,1,
2123,蜜饯塑料罐,,1,
2124,木筷,,1,
2125,蜜蜡,,1,
2126,美年达饮料瓶,,1,
2127,名片,,1,
2128,毛皮,,1,
2129,煤气罐,,1,
2130,棉签盒,,1,
2131,毛绒玩具,,1,
2132,木勺,,1,
2133,木梳,,1,
2134,面霜瓶,,1,
2135,墨水瓶,,1,
2136,木头,,1,
2137,毛毯,,1,
2138,木条,,1,
2139,马桶盖,,1,
2140,棉拖鞋,,1,
2141,毛线,,1,
2142,木椅,,1,
2143,沐浴露瓶,,1,
2144,麻油瓶,,1,
2145,木质锅铲,,1,
2146,木质花架,,1,
2147,木质猫爬架,,1,
2148,木质拼板,,1,
2149,木质拖把杆,,1,
2150,木质玩具,,1,
2151,墨汁瓶,,1,
2152,内存卡,,1,
2153,内存条,,1,
2154,奶粉罐,,1,
2155,奶粉罐铝盖,,1,
2156,奶粉桶,,1,
2157,暖壶胆,,1,
2158,闹铃,,1,
2159,尼龙袋,,1,
2160,牛奶盒,,1,
2161,牛奶瓶,,1,
2162,牛奶塑料瓶,,1,
2163,牛皮纸,,1,
2164,牛皮纸袋,,1,
2165,暖水瓶,,1,
2166,闹钟,,1,
2167,牛仔裤,,1,
2168,皮包,,1,
2169,平板玻璃,,1,
2170,跑步机,,1,
2171,排插,,1,
2172,皮尺,,1,
2173,皮草制品,,1,
2174,皮带,,1,
2175,平底锅,,1,
2176,皮革,,1,
2177,苹果耳机,,1,
2178,喷火枪,,1,
2179,皮夹,,1,
2180,皮具,,1,
2181,啤酒罐,,1,
2182,啤酒瓶,,1,
2183,皮料,,1,
2184,泡沫板,,1,
2185,泡沫保温箱,,1,
2186,泡沫塑料,,1,
2187,泡沫箱,,1,
2188,拍拍净瓶罐,,1,
2189,乒乓球拍,,1,
2190,排球,,1,
2191,皮球,,1,
2192,皮箱,,1,
2193,皮鞋,,1,
2194,皮质钱包,,1,
2195,铅笔盒,,1,
2196,汽车模型,,1,
2197,起钉器,,1,
2198,气垫梳,,1,
2199,清洁剂瓶,,1,
2200,秋裤,,1,
2201,球拍,,1,
2202,气泡缓冲材料,,1,
2203,铅球,,1,
2204,曲奇铁罐,,1,
2205,汽水瓶,,1,
2206,青铜,,1,
2207,其他玻璃制品,,1,
2208,其他金属制品,,1,
2209,球鞋,,1,
2210,软玻璃,,1,
2211,日历,,1,
2212,燃气灶,,1,
2213,热水袋,,1,
2214,柔顺剂瓶,,1,
2215,热水瓶,,1,
2216,热水瓶胆,,1,
2217,软塑料隔热垫,,1,
2218,软桶,,1,
2219,乳液罐,,1,
2220,乳液瓶,,1,
2221,人造革,,1,
2222,鼠标,,1,
2223,碎玻璃片,,1,
2224,碎玻璃制品,,1,
2225,丝绸,,1,
2226,丝带,,1,
2227,扫地机,,1,
2228,扫地机器人,,1,
2229,速冻食品保温袋,,1,
2230,沙发,,1,
2231,塑复钢管,,1,
2232,水果网套,,1,
2233,书包,,1,
2234,书本,,1,
2235,手表,,1,
2236,手电筒,,1,
2237,手办,,1,
2238,水槽过滤网,,1,
2239,手风琴,,1,
2240,爽肤水瓶,,1,
2241,水果刀,,1,
2242,书架,,1,
2243,试卷,,1,
2244,手机,,1,
2245,水晶板,,1,
2246,手机充电宝,,1,
2247,手机充电器,,1,
2248,手机屏,,1,
2249,数据线,,1,
2250,手机支撑架,,1,
2251,漱口水瓶,,1,
2252,手链,,1,
2253,沙拉酱瓶,,1,
2254,水龙头,,1,
2255,说明书,,1,
2256,水泥砖,,1,
2257,食品保鲜盒,,1,
2258,蛇皮袋,,1,
2259,食品罐头,,1,
2260,烧水壶,,1,
2261,首饰盒,,1,
2262,神仙水瓶,,1,
2263,纱线手套,,1,
2264,摄像头,,1,
2265,收音机,,1,
2266,食用油玻璃瓶,,1,
2267,食用油桶,,1,
2268,绳子,,1,
2269,手镯,,1,
2270,三极管,,1,
2271,塑料杯,,1,
2272,塑料标签,,1,
2273,塑料杯套,,1,
2274,塑料包装,,1,
2275,塑料包装纸盒,,1,
2276,塑料尺,,1,
2277,塑料储物箱,,1,
2278,塑料餐具,,1,
2279,塑料饭盒,,1,
2280,塑料锅铲,,1,
2281,塑料管道,,1,
2282,塑料盒,,1,
2283,塑料花盆,,1,
2284,塑料架,,1,
2285,塑料假花,,1,
2286,塑料壳,,1,
2287,塑料垃圾桶,,1,
2288,塑料晾衣架,,1,
2289,塑料晾衣杆,,1,
2290,塑料膜,,1,
2291,塑料米袋,,1,
2292,塑料模型,,1,
2293,塑料盆,,1,
2294,塑料瓶盖,,1,
2295,塑料泡沫,,1,
2296,塑料瓶瓶盖,,1,
2297,塑料日用品,,1,
2298,塑料水管,,1,
2299,塑料沙漏,,1,
2300,塑料收纳盒,,1,
2301,塑料梳子,,1,
2302,塑料酸奶盒,,1,
2303,塑料桶,,1,
2304,塑料拖把杆,,1,
2305,塑料调色盘,,1,
2306,塑料碗,,1,
2307,塑料玩具,,1,
2308,塑料玩具车,,1,
2309,塑料文件袋,,1,
2310,塑料衣架,,1,
2311,塑料饮料杯,,1,
2312,塑料纸,,1,
2313,塑料桌布,,1,
2314,扫描仪,,1,
2315,酸奶杯,,1,
2316,酸奶玻璃瓶,,1,
2317,酸奶盒,,1,
2318,酸奶瓶,,1,
2319,食品罐头,,1,
2320,碎纸,,1,
2321,台布,,1,
2322,拖把桶,,1,
2323,铁钉,,1,
2324,台灯,,1,
2325,铜管,,1,
2326,铁管,,1,
2327,铁钩,,1,
2328,糖果罐,,1,
2329,糖果盒,,1,
2330,铁罐子,,1,
2331,铁盒,,1,
2332,弹簧,,1,
2333,铁盒子,,1,
2334,太空望远镜,,1,
2335,台历,,1,
2336,铁皮盖,,1,
2337,铁皮罐头,,1,
2338,脱排油烟机,,1,
2339,铜丝,,1,
2340,铁丝,,1,
2341,藤条,,1,
2342,铁调羹,,1,
2343,铜线,,1,
2344,童鞋,,1,
2345,拖线板,,1,
2346,剃须刀,,1,
2347,剃须刀片,,1,
2348,躺椅,,1,
2349,烫衣板,,1,
2350,铁衣架,,1,
2351,投影仪,,1,
2352,体重秤,,1,
2353,铜制品,,1,
2354,铁制品,,1,
2355,微波炉,,1,
2356,未被污染的输液袋,,1,
2357,未被污染的输液瓶,,1,
2358,午餐肉罐头,,1,
2359,无纺布,,1,
2360,无纺布包,,1,
2361,无纺布袋,,1,
2362,无纺布手提袋,,1,
2363,围巾,,1,
2364,五金材料,,1,
2365,文件柜,,1,
2366,玩具盒,,1,
2367,文件夹,,1,
2368,玩具枪,,1,
2369,玩具塑料包装纸盒,,1,
2370,玩具塑料盒,,1,
2371,网卡,,1,
2372,味全果汁瓶,,1,
2373,无人机,,1,
2374,钨丝灯,,1,
2375,瓦斯罐,,1,
2376,卫生纸内芯,,1,
2377,维他奶包装,,1,
2378,网线,,1,
2379,无线充电器,,1,
2380,望远镜,,1,
2381,袜子,,1,
2382,蚊帐,,1,
2383,雪碧罐,,1,
2384,星巴克杯托,,1,
2385,星巴克纸袋,,1,
2386,雪碧瓶,,1,
2387,香槟瓶,,1,
2388,宣传单,,1,
2389,鞋垫,,1,
2390,鞋带,,1,
2391,消毒液瓶,,1,
2392,洗涤液瓶,,1,
2393,信封,,1,
2394,雪弗板,,1,
2395,消费卡,,1,
2396,洗发露瓶,,1,
2397,洗发水瓶,,1,
2398,鞋盒,,1,
2399,洗洁精瓶,,1,
2400,香精瓶,,1,
2401,橡胶拖鞋,,1,
2402,橡胶玩具,,1,
2403,相框,,1,
2404,显卡,,1,
2405,项链,,1,
2406,线路板,,1,
2407,行李箱,,1,
2408,洗脸仪,,1,
2409,小木棍,,1,
2410,洗面奶瓶,,1,
2411,吸门器,,1,
2412,鲜奶盒,,1,
2413,芯片,,1,
2414,显示器,,1,
2415,显示屏,,1,
2416,洗手液瓶,,1,
2417,香水瓶,,1,
2418,小提琴,,1,
2419,吸铁石,,1,
2420,喜糖铁盒子,,1,
2421,洗碗机,,1,
2422,香薰玻璃瓶,,1,
2423,休闲鞋,,1,
2424,香烟盒,,1,
2425,洗衣机,,1,
2426,信用卡,,1,
2427,香烟壳,,1,
2428,洗衣液桶,,1,
2429,锡纸,,1,
2430,信纸,,1,
2431,月饼盒,,1,
2432,硬纸板,,1,
2433,腰带,,1,
2434,移动电源,,1,
2435,衣服包装袋,,1,
2436,衣服吊牌,,1,
2437,衣服干洗剂瓶,,1,
2438,圆规,,1,
2439,鱼缸,,1,
2440,鱼竿,,1,
2441,牙膏盒,,1,
2442,银行卡,,1,
2443,银行账单,,1,
2444,衣架,,1,
2445,有机玻璃,,1,
2446,瑜伽垫,,1,
2447,银戒指,,1,
2448,亚克力板,,1,
2449,遥控器,,1,
2450,浴帘,,1,
2451,哑铃,,1,
2452,饮料玻璃瓶,,1,
2453,养乐多瓶,,1,
2454,易拉罐,,1,
2455,易拉罐盖,,1,
2456,易拉罐拉环,,1,
2457,饮料利乐包装,,1,
2458,饮料瓶,,1,
2459,饮料瓶盖,,1,
2460,泳帽,,1,
2461,羊毛被,,1,
2462,羽毛球拍,,1,
2463,羊毛衫,,1,
2464,椰奶罐,,1,
2465,椰奶盒,,1,
2466,药品说明书,,1,
2467,羊皮制品,,1,
2468,羽绒服,,1,
2469,雨伞骨架,,1,
2470,钥匙,,1,
2471,浴室防滑垫,,1,
2472,眼霜罐,,1,
2473,雨伞伞面,,1,
2474,油桶,,1,
2475,音箱,,1,
2476,雨鞋,,1,
2477,音响,,1,
2478,牙线盒,,1,
2479,游戏机,,1,
2480,游戏手柄,,1,
2481,隐形眼镜包装盒,,1,
2482,泳衣,,1,
2483,椅子,,1,
2484,硬纸板,,1,
2485,椰汁瓶,,1,
2486,硬质塑料瓶,,1,
2487,纸,,1,
2488,桌布,,1,
2489,纸板箱,,1,
2490,纸盒,,1,
2491,主板,,1,
2492,砧板,,1,
2493,钟表,,1,
2494,纸袋子,,1,
2495,榨果汁机,,1,
2496,指甲刀,,1,
2497,指甲钳,,1,
2498,真空压缩袋,,1,
2499,帐篷,,1,
2500,纸牌,,1,
2501,真皮制品,,1,
2502,纸塑铝复合包装,,1,
2503,枕套,,1,
2504,枕头,,1,
2505,砖头,,1,
2506,置物架,,1,
2507,纸箱,,1,
2508,枕芯,,1,
2509,照相机,,1,
2510,纸质杯套,,1,
2511,榨汁机,,1,
2512,纸质卡片,,1,
2513,纸质礼品盒,,1,
2514,纸质印刷品,,1,
2515,钻戒,,1,
2516,纸巾盒,,1,
2517,棕榈蜡,,1,
2518,佐料瓶,,1,
2519,指南针,,1,
2520,自拍杆,,1,
2521,竹签,,1,
2522,足球,,1,
2523,钻石,,1,
2524,字贴纸,,1,
2525,脏袜子,,1,
2526,自行车内胎,,1,
2527,自行车轮胎,,1,
2528,自行车,,1,
2529,作业本,,1,
2530,座椅垫,,1,
2531,洗衣液瓶,,1,
2532,簪子,,1,
2533,杂志,,1,
2534,卷筒纸芯,,1,
2535,泡沫板,,1,
